ticket_id,created_date,priority,assignee,team,story_points,reopened_flag,ticket_type,sprint_id,resolved_date,cycle_time_days,delay_flag,month
ATL-1000,2025-04-13,High,Alice,Platform,1,1,Task,Sprint-6,2025-04-21,8,1,2025-04
ATL-1001,2025-02-21,Medium,Charlie,Cloud,5,0,Bug,Sprint-8,2025-02-25,4,0,2025-02
ATL-1002,2025-04-03,Medium,Emma,DevOps,3,0,Bug,Sprint-6,2025-04-06,3,0,2025-04
ATL-1003,2025-01-15,Low,David,Platform,8,0,Story,Sprint-5,2025-01-24,9,1,2025-01
ATL-1004,2025-04-17,Medium,Grace,Platform,13,0,Story,Sprint-5,2025-04-22,5,0,2025-04
ATL-1005,2025-03-13,Medium,Grace,Cloud,8,1,Story,Sprint-4,2025-03-20,7,0,2025-03
ATL-1006,2025-03-02,Low,Grace,Platform,3,1,Task,Sprint-8,2025-03-10,8,1,2025-03
ATL-1007,2025-01-21,High,Henry,Security,8,0,Bug,Sprint-1,2025-01-30,9,1,2025-01
ATL-1008,2025-04-13,Medium,Fatima,Security,8,1,Story,Sprint-6,2025-04-23,10,1,2025-04
ATL-1009,2025-03-24,High,Fatima,DevOps,3,0,Story,Sprint-1,2025-03-31,7,0,2025-03
ATL-1010,2025-03-28,Medium,Bob,Platform,8,1,Bug,Sprint-8,2025-04-06,9,1,2025-03
ATL-1011,2025-03-16,High,David,Cloud,1,0,Story,Sprint-1,2025-03-19,3,0,2025-03
ATL-1012,2025-03-16,Medium,Grace,Security,5,0,Story,Sprint-8,2025-03-23,7,0,2025-03
ATL-1013,2025-03-29,Medium,Fatima,Cloud,2,0,Task,Sprint-4,2025-04-02,4,0,2025-03
ATL-1014,2025-04-27,Medium,Henry,Cloud,2,0,Story,Sprint-1,2025-05-03,6,0,2025-04
ATL-1015,2025-04-10,Low,Bob,Security,1,0,Story,Sprint-6,2025-04-14,4,0,2025-04
ATL-1016,2025-04-14,Medium,Emma,Cloud,5,0,Story,Sprint-3,2025-04-19,5,0,2025-04
ATL-1017,2025-01-24,Medium,Bob,Security,3,0,Bug,Sprint-5,2025-01-25,1,0,2025-01
ATL-1018,2025-01-03,Low,Fatima,Cloud,5,0,Task,Sprint-3,2025-01-05,2,0,2025-01
ATL-1019,2025-01-22,Medium,Charlie,Security,1,0,Story,Sprint-1,2025-01-29,7,0,2025-01
ATL-1020,2025-02-22,Low,Henry,Platform,3,0,Bug,Sprint-3,2025-02-27,5,0,2025-02
ATL-1021,2025-01-02,High,Charlie,DevOps,5,1,Task,Sprint-6,2025-01-09,7,0,2025-01
ATL-1022,2025-03-29,High,Grace,Security,8,0,Task,Sprint-6,2025-04-10,12,1,2025-03
ATL-1023,2025-04-18,High,Charlie,Security,3,0,Task,Sprint-1,2025-04-22,4,0,2025-04
ATL-1024,2025-01-30,Medium,Grace,DevOps,5,0,Story,Sprint-4,2025-02-05,6,0,2025-01
ATL-1025,2025-02-07,Low,Grace,Security,8,1,Story,Sprint-3,2025-02-16,9,1,2025-02
ATL-1026,2025-01-02,High,Fatima,Security,5,0,Bug,Sprint-4,2025-01-10,8,1,2025-01
ATL-1027,2025-03-05,Medium,Charlie,Cloud,2,0,Bug,Sprint-4,2025-03-11,6,0,2025-03
ATL-1028,2025-03-01,High,Grace,DevOps,1,0,Bug,Sprint-8,2025-03-06,5,0,2025-03
ATL-1029,2025-01-21,High,David,Platform,8,1,Story,Sprint-2,2025-02-04,14,1,2025-01
ATL-1030,2025-02-02,High,Emma,Security,1,0,Story,Sprint-1,2025-02-11,9,1,2025-02
ATL-1031,2025-03-17,Medium,Bob,DevOps,8,0,Bug,Sprint-5,2025-03-24,7,0,2025-03
ATL-1032,2025-02-27,Medium,Bob,Cloud,5,0,Story,Sprint-6,2025-03-05,6,0,2025-02
ATL-1033,2025-01-22,High,Fatima,Platform,8,1,Story,Sprint-6,2025-02-03,12,1,2025-01
ATL-1034,2025-04-18,Medium,Charlie,DevOps,8,0,Story,Sprint-1,2025-04-25,7,0,2025-04
ATL-1035,2025-03-30,Low,Charlie,Platform,13,0,Story,Sprint-8,2025-04-04,5,0,2025-03
ATL-1036,2025-02-18,Medium,Grace,Platform,3,1,Bug,Sprint-7,2025-02-23,5,0,2025-02
ATL-1037,2025-04-01,High,Henry,Platform,8,0,Story,Sprint-7,2025-04-11,10,1,2025-04
ATL-1038,2025-02-28,Medium,Alice,Security,3,0,Task,Sprint-7,2025-03-01,1,0,2025-02
ATL-1039,2025-02-11,Medium,Grace,Security,3,0,Story,Sprint-8,2025-02-16,5,0,2025-02
ATL-1040,2025-04-02,Low,Emma,Cloud,5,0,Story,Sprint-5,2025-04-07,5,0,2025-04
ATL-1041,2025-03-01,Medium,David,Cloud,8,0,Story,Sprint-6,2025-03-07,6,0,2025-03
ATL-1042,2025-03-21,High,Bob,DevOps,13,0,Story,Sprint-1,2025-03-30,9,1,2025-03
ATL-1043,2025-01-15,Low,Grace,Cloud,8,0,Bug,Sprint-8,2025-01-25,10,1,2025-01
ATL-1044,2025-03-03,Medium,Alice,Platform,3,0,Task,Sprint-6,2025-03-08,5,0,2025-03
ATL-1045,2025-03-03,High,Alice,Platform,3,1,Story,Sprint-4,2025-03-13,10,1,2025-03
ATL-1046,2025-02-16,Medium,Grace,Security,5,0,Story,Sprint-3,2025-02-21,5,0,2025-02
ATL-1047,2025-03-03,Medium,Fatima,Platform,2,1,Bug,Sprint-3,2025-03-09,6,0,2025-03
ATL-1048,2025-02-20,Medium,Bob,DevOps,2,0,Bug,Sprint-8,2025-02-21,1,0,2025-02
ATL-1049,2025-04-18,Medium,Fatima,Platform,3,1,Bug,Sprint-6,2025-04-23,5,0,2025-04
ATL-1050,2025-02-24,Medium,David,Platform,3,0,Story,Sprint-2,2025-02-27,3,0,2025-02
ATL-1051,2025-04-26,High,Alice,DevOps,3,0,Story,Sprint-5,2025-05-02,6,0,2025-04
ATL-1052,2025-03-05,High,Alice,Cloud,2,0,Bug,Sprint-7,2025-03-12,7,0,2025-03
ATL-1053,2025-01-03,High,Emma,Cloud,1,1,Task,Sprint-5,2025-01-10,7,0,2025-01
ATL-1054,2025-04-11,High,David,DevOps,1,0,Story,Sprint-5,2025-04-16,5,0,2025-04
ATL-1055,2025-02-20,Medium,Alice,Security,13,0,Story,Sprint-8,2025-02-28,8,1,2025-02
ATL-1056,2025-01-07,Medium,David,Platform,3,0,Task,Sprint-4,2025-01-10,3,0,2025-01
ATL-1057,2025-01-21,High,Bob,DevOps,3,0,Task,Sprint-5,2025-01-25,4,0,2025-01
ATL-1058,2025-03-14,Medium,Charlie,Platform,5,0,Task,Sprint-3,2025-03-17,3,0,2025-03
ATL-1059,2025-02-08,Medium,Alice,Security,2,0,Bug,Sprint-4,2025-02-12,4,0,2025-02
ATL-1060,2025-01-18,High,Emma,Platform,8,0,Task,Sprint-1,2025-01-29,11,1,2025-01
ATL-1061,2025-01-04,High,Bob,DevOps,8,0,Story,Sprint-5,2025-01-15,11,1,2025-01
ATL-1062,2025-03-30,Medium,Grace,Platform,1,0,Story,Sprint-5,2025-04-06,7,0,2025-03
ATL-1063,2025-03-01,Medium,David,Cloud,3,0,Story,Sprint-1,2025-03-02,1,0,2025-03
ATL-1064,2025-01-14,Low,Grace,Security,8,0,Story,Sprint-5,2025-01-18,4,0,2025-01
ATL-1065,2025-04-24,Medium,Fatima,Security,8,0,Bug,Sprint-1,2025-04-28,4,0,2025-04
ATL-1066,2025-01-09,Low,Bob,Security,3,0,Task,Sprint-4,2025-01-14,5,0,2025-01
ATL-1067,2025-03-31,Medium,Grace,DevOps,5,0,Bug,Sprint-3,2025-04-05,5,0,2025-03
ATL-1068,2025-02-22,Medium,Henry,Security,2,0,Bug,Sprint-1,2025-02-27,5,0,2025-02
ATL-1069,2025-01-02,Medium,Henry,Cloud,13,0,Story,Sprint-2,2025-01-12,10,1,2025-01
ATL-1070,2025-03-25,Medium,Alice,DevOps,2,0,Story,Sprint-8,2025-03-28,3,0,2025-03
ATL-1071,2025-04-02,Low,David,Cloud,8,0,Bug,Sprint-8,2025-04-11,9,1,2025-04
ATL-1072,2025-04-21,Low,Charlie,Platform,5,0,Task,Sprint-1,2025-04-26,5,0,2025-04
ATL-1073,2025-03-01,High,Bob,Platform,5,0,Story,Sprint-8,2025-03-06,5,0,2025-03
ATL-1074,2025-03-12,Medium,Alice,Platform,5,0,Bug,Sprint-5,2025-03-18,6,0,2025-03
ATL-1075,2025-02-13,Low,Emma,Platform,2,0,Task,Sprint-7,2025-02-16,3,0,2025-02
ATL-1076,2025-01-08,Medium,Fatima,Cloud,2,0,Story,Sprint-7,2025-01-10,2,0,2025-01
ATL-1077,2025-02-16,High,David,DevOps,2,0,Story,Sprint-8,2025-02-23,7,0,2025-02
ATL-1078,2025-02-04,Low,Bob,DevOps,2,0,Bug,Sprint-4,2025-02-07,3,0,2025-02
ATL-1079,2025-03-19,Medium,Henry,Security,8,0,Task,Sprint-6,2025-03-25,6,0,2025-03
ATL-1080,2025-03-22,Low,Bob,Cloud,3,1,Story,Sprint-4,2025-03-27,5,0,2025-03
ATL-1081,2025-02-05,Low,Charlie,Platform,1,0,Task,Sprint-6,2025-02-09,4,0,2025-02
ATL-1082,2025-02-19,Medium,Henry,Cloud,13,0,Bug,Sprint-7,2025-02-27,8,1,2025-02
ATL-1083,2025-04-14,Medium,Charlie,Security,8,0,Story,Sprint-7,2025-04-22,8,1,2025-04
ATL-1084,2025-01-04,Medium,Emma,Security,8,0,Bug,Sprint-1,2025-01-12,8,1,2025-01
ATL-1085,2025-01-02,Medium,Fatima,Cloud,13,0,Story,Sprint-3,2025-01-08,6,0,2025-01
ATL-1086,2025-01-06,High,Emma,Cloud,2,0,Bug,Sprint-2,2025-01-12,6,0,2025-01
ATL-1087,2025-02-23,Medium,Alice,Cloud,3,0,Story,Sprint-4,2025-02-25,2,0,2025-02
ATL-1088,2025-04-16,Medium,Alice,DevOps,8,0,Task,Sprint-5,2025-04-24,8,1,2025-04
ATL-1089,2025-01-04,High,Emma,Platform,5,0,Task,Sprint-6,2025-01-11,7,0,2025-01
ATL-1090,2025-02-23,Medium,Fatima,Cloud,2,0,Bug,Sprint-8,2025-02-27,4,0,2025-02
ATL-1091,2025-04-03,Medium,Emma,Cloud,8,0,Task,Sprint-5,2025-04-10,7,0,2025-04
ATL-1092,2025-03-04,Low,Fatima,Cloud,2,0,Story,Sprint-3,2025-03-10,6,0,2025-03
ATL-1093,2025-01-18,Low,Fatima,Security,2,1,Story,Sprint-6,2025-01-25,7,0,2025-01
ATL-1094,2025-03-31,High,Grace,Security,5,0,Task,Sprint-4,2025-04-07,7,0,2025-03
ATL-1095,2025-02-13,High,Henry,DevOps,5,0,Task,Sprint-1,2025-02-17,4,0,2025-02
ATL-1096,2025-02-03,Medium,David,Platform,5,0,Story,Sprint-5,2025-02-06,3,0,2025-02
ATL-1097,2025-03-15,Medium,Fatima,DevOps,1,0,Story,Sprint-3,2025-03-20,5,0,2025-03
ATL-1098,2025-03-03,Low,Charlie,Platform,8,1,Task,Sprint-4,2025-03-13,10,1,2025-03
ATL-1099,2025-04-10,Low,Fatima,Security,3,0,Task,Sprint-7,2025-04-13,3,0,2025-04
ATL-1100,2025-01-14,Medium,Fatima,Security,2,1,Task,Sprint-7,2025-01-23,9,1,2025-01
ATL-1101,2025-04-05,Medium,Fatima,Security,8,0,Story,Sprint-4,2025-04-13,8,1,2025-04
ATL-1102,2025-02-17,Medium,Grace,DevOps,13,1,Bug,Sprint-4,2025-02-27,10,1,2025-02
ATL-1103,2025-01-15,Medium,Henry,Cloud,8,0,Story,Sprint-4,2025-01-22,7,0,2025-01
ATL-1104,2025-03-13,Medium,Grace,Cloud,8,0,Task,Sprint-6,2025-03-23,10,1,2025-03
ATL-1105,2025-03-19,High,Alice,Security,5,0,Story,Sprint-4,2025-03-28,9,1,2025-03
ATL-1106,2025-03-28,Medium,Grace,Cloud,5,0,Bug,Sprint-5,2025-03-29,1,0,2025-03
ATL-1107,2025-03-03,Medium,Charlie,Cloud,1,0,Task,Sprint-3,2025-03-05,2,0,2025-03
ATL-1108,2025-02-09,Medium,Charlie,DevOps,3,0,Task,Sprint-6,2025-02-14,5,0,2025-02
ATL-1109,2025-03-26,Medium,Grace,Platform,3,0,Story,Sprint-4,2025-04-02,7,0,2025-03
ATL-1110,2025-03-21,Low,Henry,Security,3,0,Bug,Sprint-2,2025-03-28,7,0,2025-03
ATL-1111,2025-04-19,Medium,Emma,Security,5,0,Task,Sprint-8,2025-04-20,1,0,2025-04
ATL-1112,2025-03-23,High,David,DevOps,3,0,Task,Sprint-2,2025-03-28,5,0,2025-03
ATL-1113,2025-04-21,Low,Henry,DevOps,1,0,Task,Sprint-3,2025-04-24,3,0,2025-04
ATL-1114,2025-02-22,Low,Grace,Cloud,2,0,Story,Sprint-7,2025-02-27,5,0,2025-02
ATL-1115,2025-01-24,Low,Fatima,Security,5,0,Story,Sprint-1,2025-01-29,5,0,2025-01
ATL-1116,2025-01-26,Low,Bob,Platform,1,0,Story,Sprint-1,2025-01-29,3,0,2025-01
ATL-1117,2025-03-30,High,David,DevOps,8,0,Bug,Sprint-8,2025-04-08,9,1,2025-03
ATL-1118,2025-03-01,Medium,David,Platform,3,0,Story,Sprint-7,2025-03-05,4,0,2025-03
ATL-1119,2025-04-19,Medium,Charlie,Platform,3,0,Task,Sprint-6,2025-04-24,5,0,2025-04
ATL-1120,2025-02-10,Low,David,Security,5,0,Bug,Sprint-6,2025-02-14,4,0,2025-02
ATL-1121,2025-01-29,Medium,Grace,Security,8,0,Bug,Sprint-6,2025-02-04,6,0,2025-01
ATL-1122,2025-01-15,Medium,Fatima,DevOps,3,0,Task,Sprint-1,2025-01-19,4,0,2025-01
ATL-1123,2025-02-14,Low,Fatima,Security,5,0,Story,Sprint-2,2025-02-17,3,0,2025-02
ATL-1124,2025-03-06,Medium,Alice,Security,5,0,Story,Sprint-1,2025-03-10,4,0,2025-03
ATL-1125,2025-03-30,Medium,Fatima,Security,3,1,Story,Sprint-5,2025-04-04,5,0,2025-03
ATL-1126,2025-03-12,Medium,Henry,Platform,8,0,Task,Sprint-4,2025-03-17,5,0,2025-03
ATL-1127,2025-01-09,Medium,Fatima,DevOps,8,0,Task,Sprint-6,2025-01-18,9,1,2025-01
ATL-1128,2025-03-29,Low,Charlie,Cloud,5,0,Bug,Sprint-2,2025-04-01,3,0,2025-03
ATL-1129,2025-01-01,Medium,Fatima,Platform,8,0,Task,Sprint-3,2025-01-07,6,0,2025-01
ATL-1130,2025-04-18,Medium,Alice,Security,8,0,Task,Sprint-8,2025-04-23,5,0,2025-04
ATL-1131,2025-01-08,Medium,Bob,Platform,5,1,Bug,Sprint-3,2025-01-15,7,0,2025-01
ATL-1132,2025-03-29,High,Grace,Security,8,0,Bug,Sprint-4,2025-04-10,12,1,2025-03
ATL-1133,2025-03-04,Medium,Charlie,Security,5,0,Task,Sprint-2,2025-03-05,1,0,2025-03
ATL-1134,2025-01-11,Low,Henry,Platform,5,1,Story,Sprint-1,2025-01-18,7,0,2025-01
ATL-1135,2025-04-25,Low,Bob,DevOps,5,0,Story,Sprint-1,2025-04-28,3,0,2025-04
ATL-1136,2025-03-22,Medium,Charlie,Security,8,0,Story,Sprint-5,2025-03-28,6,0,2025-03
ATL-1137,2025-01-08,Low,Emma,DevOps,2,0,Story,Sprint-5,2025-01-11,3,0,2025-01
ATL-1138,2025-02-04,Medium,David,Cloud,8,0,Task,Sprint-1,2025-02-10,6,0,2025-02
ATL-1139,2025-02-04,High,Emma,Security,8,0,Story,Sprint-3,2025-02-15,11,1,2025-02
ATL-1140,2025-02-02,Medium,Fatima,DevOps,1,1,Story,Sprint-8,2025-02-09,7,0,2025-02
ATL-1141,2025-01-05,Medium,Bob,DevOps,8,0,Bug,Sprint-6,2025-01-12,7,0,2025-01
ATL-1142,2025-04-16,Medium,Fatima,Cloud,2,0,Task,Sprint-3,2025-04-18,2,0,2025-04
ATL-1143,2025-04-13,Medium,David,DevOps,3,0,Story,Sprint-8,2025-04-16,3,0,2025-04
ATL-1144,2025-02-10,Medium,Charlie,DevOps,5,0,Task,Sprint-5,2025-02-13,3,0,2025-02
ATL-1145,2025-01-28,High,David,Cloud,2,0,Task,Sprint-4,2025-02-03,6,0,2025-01
ATL-1146,2025-01-07,Medium,Alice,Security,8,0,Task,Sprint-8,2025-01-15,8,1,2025-01
ATL-1147,2025-03-14,High,David,DevOps,8,0,Bug,Sprint-1,2025-03-22,8,1,2025-03
ATL-1148,2025-03-13,High,Alice,DevOps,5,0,Task,Sprint-5,2025-03-20,7,0,2025-03
ATL-1149,2025-01-12,Low,David,DevOps,1,0,Task,Sprint-5,2025-01-18,6,0,2025-01
ATL-1150,2025-02-03,Low,Grace,Platform,3,0,Bug,Sprint-6,2025-02-06,3,0,2025-02
ATL-1151,2025-02-02,Low,Alice,Cloud,5,0,Bug,Sprint-1,2025-02-04,2,0,2025-02
ATL-1152,2025-02-17,Low,Bob,Platform,13,0,Story,Sprint-6,2025-02-21,4,0,2025-02
ATL-1153,2025-04-29,Low,Fatima,Cloud,5,0,Bug,Sprint-1,2025-05-05,6,0,2025-04
ATL-1154,2025-01-23,Medium,Henry,Security,3,1,Task,Sprint-6,2025-01-28,5,0,2025-01
ATL-1155,2025-03-03,Low,Fatima,Security,5,0,Bug,Sprint-8,2025-03-05,2,0,2025-03
ATL-1156,2025-03-29,Medium,Emma,DevOps,5,0,Story,Sprint-3,2025-04-04,6,0,2025-03
ATL-1157,2025-02-06,High,Fatima,Cloud,8,0,Bug,Sprint-4,2025-02-15,9,1,2025-02
ATL-1158,2025-04-09,Low,Charlie,Security,2,0,Task,Sprint-4,2025-04-14,5,0,2025-04
ATL-1159,2025-02-13,High,Grace,Cloud,8,0,Story,Sprint-1,2025-02-21,8,1,2025-02
ATL-1160,2025-04-14,Medium,David,Security,5,0,Story,Sprint-2,2025-04-17,3,0,2025-04
ATL-1161,2025-03-27,Low,Emma,Platform,13,0,Bug,Sprint-7,2025-04-05,9,1,2025-03
ATL-1162,2025-04-01,Medium,Charlie,Security,3,0,Story,Sprint-5,2025-04-02,1,0,2025-04
ATL-1163,2025-02-04,Medium,Charlie,Platform,5,0,Task,Sprint-5,2025-02-06,2,0,2025-02
ATL-1164,2025-03-06,High,Alice,Security,8,0,Task,Sprint-1,2025-03-18,12,1,2025-03
ATL-1165,2025-04-09,Medium,Fatima,DevOps,2,1,Bug,Sprint-8,2025-04-13,4,0,2025-04
ATL-1166,2025-04-11,High,Bob,Platform,8,0,Bug,Sprint-6,2025-04-18,7,0,2025-04
ATL-1167,2025-02-16,Medium,Henry,Security,5,0,Story,Sprint-2,2025-02-20,4,0,2025-02
ATL-1168,2025-03-19,Low,Bob,DevOps,1,0,Task,Sprint-3,2025-03-20,1,0,2025-03
ATL-1169,2025-01-03,High,Emma,Platform,3,0,Task,Sprint-6,2025-01-10,7,0,2025-01
ATL-1170,2025-01-01,High,Grace,DevOps,5,0,Story,Sprint-6,2025-01-05,4,0,2025-01
ATL-1171,2025-01-05,High,Bob,Cloud,1,0,Story,Sprint-1,2025-01-12,7,0,2025-01
ATL-1172,2025-03-31,Medium,David,Cloud,5,1,Bug,Sprint-1,2025-04-06,6,0,2025-03
ATL-1173,2025-04-29,Medium,Bob,Platform,3,0,Story,Sprint-8,2025-05-03,4,0,2025-04
ATL-1174,2025-01-14,High,Emma,Security,5,0,Bug,Sprint-5,2025-01-21,7,0,2025-01
ATL-1175,2025-04-13,Medium,Henry,Platform,1,0,Story,Sprint-1,2025-04-14,1,0,2025-04
ATL-1176,2025-01-27,High,Bob,DevOps,8,0,Story,Sprint-1,2025-02-07,11,1,2025-01
ATL-1177,2025-01-09,High,David,Security,13,0,Story,Sprint-1,2025-01-17,8,1,2025-01
ATL-1178,2025-03-20,Medium,Alice,Cloud,13,0,Bug,Sprint-8,2025-03-24,4,0,2025-03
ATL-1179,2025-01-15,High,Grace,Security,5,0,Bug,Sprint-5,2025-01-19,4,0,2025-01
ATL-1180,2025-03-31,High,Emma,Cloud,2,1,Bug,Sprint-3,2025-04-10,10,1,2025-03
ATL-1181,2025-02-11,Low,Alice,Security,8,0,Bug,Sprint-3,2025-02-20,9,1,2025-02
ATL-1182,2025-03-18,High,Alice,Security,1,0,Bug,Sprint-7,2025-03-25,7,0,2025-03
ATL-1183,2025-02-20,Medium,Alice,Security,1,0,Story,Sprint-7,2025-02-23,3,0,2025-02
ATL-1184,2025-03-04,High,Charlie,DevOps,3,0,Bug,Sprint-1,2025-03-08,4,0,2025-03
ATL-1185,2025-04-06,Medium,Grace,DevOps,3,0,Bug,Sprint-7,2025-04-10,4,0,2025-04
ATL-1186,2025-04-13,High,Henry,Platform,8,0,Story,Sprint-5,2025-04-21,8,1,2025-04
ATL-1187,2025-04-23,Medium,Fatima,Platform,5,0,Task,Sprint-8,2025-04-25,2,0,2025-04
ATL-1188,2025-02-21,Low,Grace,Cloud,3,0,Story,Sprint-3,2025-02-25,4,0,2025-02
ATL-1189,2025-04-06,High,Charlie,DevOps,3,0,Bug,Sprint-6,2025-04-11,5,0,2025-04
ATL-1190,2025-01-04,Low,Fatima,Cloud,13,0,Task,Sprint-3,2025-01-12,8,1,2025-01
ATL-1191,2025-04-04,Medium,Grace,Platform,3,1,Bug,Sprint-3,2025-04-11,7,0,2025-04
ATL-1192,2025-04-11,High,Alice,Cloud,3,0,Bug,Sprint-5,2025-04-16,5,0,2025-04
ATL-1193,2025-01-23,High,Emma,Platform,2,0,Story,Sprint-7,2025-01-31,8,1,2025-01
ATL-1194,2025-04-13,Medium,Fatima,DevOps,8,0,Bug,Sprint-6,2025-04-18,5,0,2025-04
ATL-1195,2025-04-19,Medium,David,Security,5,0,Task,Sprint-5,2025-04-25,6,0,2025-04
ATL-1196,2025-01-15,Medium,David,DevOps,2,0,Task,Sprint-1,2025-01-21,6,0,2025-01
ATL-1197,2025-02-12,Medium,Bob,Cloud,1,1,Task,Sprint-8,2025-02-19,7,0,2025-02
ATL-1198,2025-01-29,Medium,Fatima,Cloud,5,0,Story,Sprint-4,2025-01-31,2,0,2025-01
ATL-1199,2025-02-05,Medium,Emma,DevOps,5,0,Bug,Sprint-3,2025-02-11,6,0,2025-02
ATL-1200,2025-01-13,High,Henry,DevOps,3,0,Story,Sprint-4,2025-01-20,7,0,2025-01
ATL-1201,2025-02-01,High,Charlie,Platform,13,0,Story,Sprint-8,2025-02-09,8,1,2025-02
ATL-1202,2025-03-12,High,Alice,Cloud,2,0,Task,Sprint-8,2025-03-18,6,0,2025-03
ATL-1203,2025-02-28,Low,Bob,Cloud,3,0,Story,Sprint-5,2025-03-04,4,0,2025-02
ATL-1204,2025-04-25,Medium,David,DevOps,8,1,Bug,Sprint-5,2025-05-06,11,1,2025-04
ATL-1205,2025-03-27,Low,Charlie,Security,3,0,Task,Sprint-5,2025-04-01,5,0,2025-03
ATL-1206,2025-01-28,Medium,Charlie,Cloud,5,0,Bug,Sprint-4,2025-02-03,6,0,2025-01
ATL-1207,2025-03-07,Medium,Alice,Security,3,0,Story,Sprint-5,2025-03-10,3,0,2025-03
ATL-1208,2025-02-11,High,Henry,DevOps,3,0,Story,Sprint-8,2025-02-16,5,0,2025-02
ATL-1209,2025-02-14,Medium,Henry,DevOps,13,0,Bug,Sprint-1,2025-02-18,4,0,2025-02
ATL-1210,2025-03-03,Low,Fatima,Platform,3,0,Story,Sprint-5,2025-03-08,5,0,2025-03
ATL-1211,2025-02-26,Low,David,Cloud,8,0,Bug,Sprint-2,2025-03-06,8,1,2025-02
ATL-1212,2025-04-27,High,Henry,Security,2,0,Task,Sprint-7,2025-05-05,8,1,2025-04
ATL-1213,2025-01-06,Medium,Emma,Platform,2,0,Task,Sprint-4,2025-01-08,2,0,2025-01
ATL-1214,2025-01-28,Low,Henry,Cloud,1,0,Story,Sprint-2,2025-02-03,6,0,2025-01
ATL-1215,2025-01-28,Low,Charlie,Platform,5,1,Story,Sprint-5,2025-02-04,7,0,2025-01
ATL-1216,2025-04-18,Medium,Alice,DevOps,3,0,Task,Sprint-8,2025-04-23,5,0,2025-04
ATL-1217,2025-02-13,Low,Emma,Cloud,8,0,Bug,Sprint-1,2025-02-19,6,0,2025-02
ATL-1218,2025-03-25,High,Fatima,Platform,3,0,Bug,Sprint-3,2025-04-02,8,1,2025-03
ATL-1219,2025-01-30,Medium,David,Platform,13,1,Bug,Sprint-6,2025-02-09,10,1,2025-01
ATL-1220,2025-03-03,Low,Fatima,Security,2,1,Bug,Sprint-7,2025-03-10,7,0,2025-03
ATL-1221,2025-03-16,Low,Charlie,Platform,8,0,Story,Sprint-6,2025-03-20,4,0,2025-03
ATL-1222,2025-04-29,High,Emma,Cloud,8,0,Task,Sprint-5,2025-05-08,9,1,2025-04
ATL-1223,2025-04-02,Medium,Emma,Cloud,8,0,Task,Sprint-7,2025-04-11,9,1,2025-04
ATL-1224,2025-03-30,Medium,Emma,Security,8,0,Bug,Sprint-7,2025-04-04,5,0,2025-03
ATL-1225,2025-04-13,High,Charlie,Cloud,8,0,Story,Sprint-1,2025-04-20,7,0,2025-04
ATL-1226,2025-03-03,High,Charlie,DevOps,5,0,Story,Sprint-7,2025-03-09,6,0,2025-03
ATL-1227,2025-04-07,High,Fatima,Cloud,2,0,Bug,Sprint-4,2025-04-16,9,1,2025-04
ATL-1228,2025-01-01,High,Bob,Cloud,1,0,Story,Sprint-2,2025-01-06,5,0,2025-01
ATL-1229,2025-01-27,Medium,Fatima,Platform,8,0,Task,Sprint-2,2025-02-06,10,1,2025-01
ATL-1230,2025-03-03,Low,David,Platform,5,0,Bug,Sprint-2,2025-03-09,6,0,2025-03
ATL-1231,2025-04-26,High,Alice,Cloud,8,0,Task,Sprint-4,2025-05-04,8,1,2025-04
ATL-1232,2025-03-18,Medium,Emma,Security,3,0,Task,Sprint-6,2025-03-21,3,0,2025-03
ATL-1233,2025-04-15,Medium,Bob,Platform,2,0,Bug,Sprint-1,2025-04-20,5,0,2025-04
ATL-1234,2025-01-03,High,Alice,Security,2,0,Story,Sprint-7,2025-01-09,6,0,2025-01
ATL-1235,2025-04-13,Low,Bob,Cloud,5,0,Story,Sprint-4,2025-04-15,2,0,2025-04
ATL-1236,2025-03-11,Medium,Henry,Cloud,3,1,Story,Sprint-2,2025-03-16,5,0,2025-03
ATL-1237,2025-03-13,Low,Henry,DevOps,2,0,Task,Sprint-5,2025-03-15,2,0,2025-03
ATL-1238,2025-01-27,Medium,Grace,Platform,3,0,Task,Sprint-3,2025-02-01,5,0,2025-01
ATL-1239,2025-01-09,Low,Henry,Cloud,1,0,Story,Sprint-7,2025-01-13,4,0,2025-01
ATL-1240,2025-03-03,Low,Fatima,DevOps,5,0,Task,Sprint-4,2025-03-05,2,0,2025-03
ATL-1241,2025-02-06,Low,Henry,Platform,3,0,Bug,Sprint-8,2025-02-10,4,0,2025-02
ATL-1242,2025-04-07,Medium,Charlie,Cloud,8,0,Task,Sprint-4,2025-04-16,9,1,2025-04
ATL-1243,2025-02-20,Medium,Emma,Cloud,3,1,Story,Sprint-1,2025-02-28,8,1,2025-02
ATL-1244,2025-04-16,Medium,Fatima,Platform,3,0,Task,Sprint-1,2025-04-22,6,0,2025-04
ATL-1245,2025-02-13,High,Alice,Platform,1,1,Bug,Sprint-4,2025-02-20,7,0,2025-02
ATL-1246,2025-01-24,Medium,Grace,Platform,1,1,Story,Sprint-2,2025-01-29,5,0,2025-01
ATL-1247,2025-03-20,Medium,Grace,Cloud,3,0,Bug,Sprint-3,2025-03-27,7,0,2025-03
ATL-1248,2025-02-28,High,Grace,Cloud,3,1,Bug,Sprint-7,2025-03-08,8,1,2025-02
ATL-1249,2025-04-28,Low,Alice,DevOps,5,0,Bug,Sprint-1,2025-05-03,5,0,2025-04
ATL-1250,2025-02-01,High,Alice,Security,3,0,Task,Sprint-7,2025-02-06,5,0,2025-02
ATL-1251,2025-04-06,Low,Alice,Platform,5,0,Story,Sprint-2,2025-04-09,3,0,2025-04
ATL-1252,2025-03-29,High,Alice,Cloud,8,1,Task,Sprint-7,2025-04-11,13,1,2025-03
ATL-1253,2025-04-15,Low,Grace,Cloud,8,1,Bug,Sprint-5,2025-04-25,10,1,2025-04
ATL-1254,2025-02-21,High,Grace,Platform,1,0,Story,Sprint-1,2025-02-28,7,0,2025-02
ATL-1255,2025-04-23,Medium,Bob,Security,3,0,Story,Sprint-2,2025-04-26,3,0,2025-04
ATL-1256,2025-03-03,High,Fatima,Platform,2,0,Story,Sprint-2,2025-03-11,8,1,2025-03
ATL-1257,2025-04-23,Low,Emma,Security,2,0,Bug,Sprint-3,2025-04-26,3,0,2025-04
ATL-1258,2025-02-27,Medium,Henry,Cloud,13,0,Task,Sprint-3,2025-03-05,6,0,2025-02
ATL-1259,2025-02-21,High,Henry,Security,2,0,Story,Sprint-5,2025-02-28,7,0,2025-02
ATL-1260,2025-01-12,Medium,Charlie,DevOps,3,0,Story,Sprint-2,2025-01-16,4,0,2025-01
ATL-1261,2025-02-08,Medium,Grace,Cloud,5,0,Bug,Sprint-6,2025-02-11,3,0,2025-02
ATL-1262,2025-01-02,Medium,Charlie,DevOps,5,1,Bug,Sprint-2,2025-01-10,8,1,2025-01
ATL-1263,2025-01-03,Medium,Fatima,Platform,5,0,Task,Sprint-3,2025-01-10,7,0,2025-01
ATL-1264,2025-04-23,Medium,Fatima,Platform,1,0,Story,Sprint-6,2025-04-29,6,0,2025-04
ATL-1265,2025-04-11,Medium,Charlie,Platform,3,0,Task,Sprint-1,2025-04-14,3,0,2025-04
ATL-1266,2025-04-23,High,Grace,Security,5,1,Task,Sprint-1,2025-04-30,7,0,2025-04
ATL-1267,2025-02-25,Low,Charlie,Cloud,1,1,Bug,Sprint-7,2025-03-02,5,0,2025-02
ATL-1268,2025-03-22,Medium,Henry,Platform,3,0,Story,Sprint-4,2025-03-28,6,0,2025-03
ATL-1269,2025-02-28,High,Bob,Platform,1,0,Story,Sprint-3,2025-03-08,8,1,2025-02
ATL-1270,2025-04-23,High,Henry,Cloud,1,0,Task,Sprint-4,2025-04-28,5,0,2025-04
ATL-1271,2025-01-02,Medium,David,Platform,3,0,Story,Sprint-6,2025-01-05,3,0,2025-01
ATL-1272,2025-01-02,Medium,Grace,DevOps,2,0,Story,Sprint-3,2025-01-07,5,0,2025-01
ATL-1273,2025-04-02,Medium,Grace,Cloud,5,0,Bug,Sprint-5,2025-04-08,6,0,2025-04
ATL-1274,2025-02-23,Low,Emma,Cloud,5,0,Task,Sprint-2,2025-02-27,4,0,2025-02
ATL-1275,2025-03-28,Medium,Alice,Cloud,8,0,Bug,Sprint-5,2025-04-06,9,1,2025-03
ATL-1276,2025-04-11,Medium,David,DevOps,2,0,Story,Sprint-6,2025-04-15,4,0,2025-04
ATL-1277,2025-04-06,Medium,Fatima,Cloud,2,0,Task,Sprint-3,2025-04-11,5,0,2025-04
ATL-1278,2025-04-07,Low,Grace,DevOps,2,0,Story,Sprint-8,2025-04-10,3,0,2025-04
ATL-1279,2025-01-01,High,Charlie,Cloud,5,1,Story,Sprint-6,2025-01-08,7,0,2025-01
ATL-1280,2025-01-19,High,David,Security,5,0,Task,Sprint-8,2025-01-25,6,0,2025-01
ATL-1281,2025-01-02,Medium,Emma,Platform,1,1,Story,Sprint-2,2025-01-11,9,1,2025-01
ATL-1282,2025-02-22,Medium,Fatima,Security,8,0,Task,Sprint-1,2025-02-26,4,0,2025-02
ATL-1283,2025-02-13,Medium,Alice,Platform,1,0,Bug,Sprint-1,2025-02-16,3,0,2025-02
ATL-1284,2025-03-31,High,Alice,DevOps,5,0,Story,Sprint-6,2025-04-08,8,1,2025-03
ATL-1285,2025-02-01,Medium,Emma,Security,5,0,Story,Sprint-4,2025-02-05,4,0,2025-02
ATL-1286,2025-03-11,Low,Emma,Cloud,8,0,Task,Sprint-3,2025-03-18,7,0,2025-03
ATL-1287,2025-02-01,High,Charlie,Platform,5,0,Story,Sprint-3,2025-02-06,5,0,2025-02
ATL-1288,2025-04-29,High,Grace,Platform,8,0,Story,Sprint-1,2025-05-05,6,0,2025-04
ATL-1289,2025-03-09,High,Alice,Security,3,0,Bug,Sprint-7,2025-03-14,5,0,2025-03
ATL-1290,2025-02-24,Medium,Fatima,DevOps,8,0,Story,Sprint-5,2025-03-03,7,0,2025-02
ATL-1291,2025-03-16,Medium,David,Security,1,0,Bug,Sprint-7,2025-03-21,5,0,2025-03
ATL-1292,2025-02-25,Medium,Fatima,DevOps,8,0,Bug,Sprint-2,2025-03-03,6,0,2025-02
ATL-1293,2025-01-17,High,Bob,DevOps,5,0,Bug,Sprint-5,2025-01-23,6,0,2025-01
ATL-1294,2025-02-07,High,Bob,Platform,8,0,Story,Sprint-5,2025-02-14,7,0,2025-02
ATL-1295,2025-01-24,Low,Emma,Security,3,0,Story,Sprint-6,2025-01-29,5,0,2025-01
ATL-1296,2025-03-10,Low,Charlie,Security,5,1,Bug,Sprint-1,2025-03-16,6,0,2025-03
ATL-1297,2025-04-26,Medium,Bob,DevOps,5,0,Task,Sprint-7,2025-04-30,4,0,2025-04
ATL-1298,2025-04-08,High,Alice,Security,5,0,Story,Sprint-7,2025-04-14,6,0,2025-04
ATL-1299,2025-03-11,High,Fatima,Cloud,1,1,Bug,Sprint-1,2025-03-17,6,0,2025-03
ATL-1300,2025-03-27,Low,Fatima,Cloud,1,0,Story,Sprint-7,2025-03-30,3,0,2025-03
ATL-1301,2025-01-11,Medium,Emma,Security,2,0,Story,Sprint-8,2025-01-18,7,0,2025-01
ATL-1302,2025-04-22,Medium,Grace,Security,2,0,Task,Sprint-1,2025-04-26,4,0,2025-04
ATL-1303,2025-01-16,High,Grace,DevOps,8,0,Story,Sprint-6,2025-01-24,8,1,2025-01
ATL-1304,2025-04-07,High,David,Cloud,2,0,Task,Sprint-4,2025-04-10,3,0,2025-04
ATL-1305,2025-03-14,High,Emma,Cloud,13,0,Story,Sprint-5,2025-03-21,7,0,2025-03
ATL-1306,2025-02-28,Medium,Henry,Platform,3,0,Story,Sprint-6,2025-03-02,2,0,2025-02
ATL-1307,2025-03-11,Medium,David,DevOps,2,0,Story,Sprint-3,2025-03-13,2,0,2025-03
ATL-1308,2025-03-21,Medium,Henry,Platform,8,1,Bug,Sprint-2,2025-03-27,6,0,2025-03
ATL-1309,2025-04-03,Low,Grace,Cloud,5,0,Story,Sprint-4,2025-04-07,4,0,2025-04
ATL-1310,2025-01-03,High,Emma,DevOps,3,0,Task,Sprint-3,2025-01-10,7,0,2025-01
ATL-1311,2025-01-20,High,Henry,Security,5,0,Bug,Sprint-5,2025-01-29,9,1,2025-01
ATL-1312,2025-02-28,High,Emma,DevOps,5,0,Bug,Sprint-7,2025-03-07,7,0,2025-02
ATL-1313,2025-02-05,High,Emma,Security,2,0,Task,Sprint-1,2025-02-12,7,0,2025-02
ATL-1314,2025-01-19,Medium,Grace,Security,13,0,Task,Sprint-5,2025-01-29,10,1,2025-01
ATL-1315,2025-03-31,High,David,DevOps,13,0,Story,Sprint-6,2025-04-07,7,0,2025-03
ATL-1316,2025-03-08,High,David,Security,5,1,Story,Sprint-2,2025-03-18,10,1,2025-03
ATL-1317,2025-01-19,High,Emma,Platform,2,0,Bug,Sprint-6,2025-01-27,8,1,2025-01
ATL-1318,2025-01-20,Low,Bob,Cloud,5,0,Story,Sprint-4,2025-01-24,4,0,2025-01
ATL-1319,2025-04-06,Medium,Charlie,Security,1,0,Bug,Sprint-4,2025-04-08,2,0,2025-04
ATL-1320,2025-03-12,Low,Grace,Platform,1,0,Story,Sprint-2,2025-03-17,5,0,2025-03
ATL-1321,2025-02-21,High,Charlie,Security,3,0,Story,Sprint-8,2025-02-28,7,0,2025-02
ATL-1322,2025-04-15,Medium,Charlie,Cloud,3,0,Task,Sprint-3,2025-04-20,5,0,2025-04
ATL-1323,2025-02-02,Low,David,Platform,8,0,Story,Sprint-3,2025-02-08,6,0,2025-02
ATL-1324,2025-02-09,Medium,David,Cloud,5,0,Task,Sprint-4,2025-02-14,5,0,2025-02
ATL-1325,2025-02-08,Medium,Bob,Cloud,5,0,Task,Sprint-4,2025-02-11,3,0,2025-02
ATL-1326,2025-03-23,Medium,Charlie,Platform,3,0,Story,Sprint-7,2025-03-26,3,0,2025-03
ATL-1327,2025-04-14,Low,Charlie,Platform,3,0,Task,Sprint-1,2025-04-19,5,0,2025-04
ATL-1328,2025-01-01,Medium,Emma,Platform,3,0,Task,Sprint-7,2025-01-07,6,0,2025-01
ATL-1329,2025-01-11,Medium,David,DevOps,13,0,Task,Sprint-7,2025-01-20,9,1,2025-01
ATL-1330,2025-04-02,High,Charlie,Platform,1,0,Story,Sprint-8,2025-04-10,8,1,2025-04
ATL-1331,2025-02-26,Medium,Fatima,Platform,8,0,Task,Sprint-3,2025-03-03,5,0,2025-02
ATL-1332,2025-03-30,High,Bob,Platform,5,0,Bug,Sprint-8,2025-04-04,5,0,2025-03
ATL-1333,2025-02-19,Medium,Henry,Platform,3,0,Story,Sprint-8,2025-02-26,7,0,2025-02
ATL-1334,2025-01-23,Medium,Fatima,Security,5,0,Story,Sprint-2,2025-01-28,5,0,2025-01
ATL-1335,2025-01-31,High,Fatima,DevOps,3,1,Bug,Sprint-3,2025-02-10,10,1,2025-01
ATL-1336,2025-04-04,Medium,Henry,Cloud,8,0,Bug,Sprint-1,2025-04-08,4,0,2025-04
ATL-1337,2025-02-11,Low,Grace,Platform,8,1,Bug,Sprint-6,2025-02-21,10,1,2025-02
ATL-1338,2025-04-09,Low,Grace,Security,3,0,Task,Sprint-4,2025-04-14,5,0,2025-04
ATL-1339,2025-01-07,High,Bob,Security,3,0,Task,Sprint-4,2025-01-14,7,0,2025-01
ATL-1340,2025-01-16,Medium,Fatima,Security,5,0,Story,Sprint-1,2025-01-20,4,0,2025-01
ATL-1341,2025-03-31,Medium,Charlie,Cloud,8,0,Story,Sprint-8,2025-04-08,8,1,2025-03
ATL-1342,2025-04-22,Low,David,Platform,2,0,Story,Sprint-7,2025-04-28,6,0,2025-04
ATL-1343,2025-04-26,Low,Bob,DevOps,5,0,Task,Sprint-2,2025-04-30,4,0,2025-04
ATL-1344,2025-03-01,Low,Emma,DevOps,5,0,Story,Sprint-8,2025-03-06,5,0,2025-03
ATL-1345,2025-04-23,Medium,Henry,Security,5,0,Task,Sprint-4,2025-04-28,5,0,2025-04
ATL-1346,2025-01-02,Medium,Fatima,Cloud,2,0,Story,Sprint-5,2025-01-08,6,0,2025-01
ATL-1347,2025-01-01,Medium,Bob,Cloud,5,0,Story,Sprint-7,2025-01-02,1,0,2025-01
ATL-1348,2025-02-17,Medium,Alice,Cloud,8,0,Bug,Sprint-4,2025-02-27,10,1,2025-02
ATL-1349,2025-01-12,High,Alice,DevOps,2,0,Story,Sprint-5,2025-01-17,5,0,2025-01
ATL-1350,2025-03-10,Medium,Grace,Security,2,0,Task,Sprint-8,2025-03-15,5,0,2025-03
ATL-1351,2025-02-06,Medium,Henry,Platform,13,0,Story,Sprint-1,2025-02-14,8,1,2025-02
ATL-1352,2025-02-01,High,David,DevOps,2,0,Bug,Sprint-1,2025-02-05,4,0,2025-02
ATL-1353,2025-04-29,Medium,Charlie,Security,8,1,Bug,Sprint-7,2025-05-09,10,1,2025-04
ATL-1354,2025-01-09,Medium,David,Security,3,1,Story,Sprint-4,2025-01-17,8,1,2025-01
ATL-1355,2025-04-15,High,David,Platform,2,0,Bug,Sprint-3,2025-04-23,8,1,2025-04
ATL-1356,2025-04-09,High,David,Platform,8,0,Story,Sprint-5,2025-04-19,10,1,2025-04
ATL-1357,2025-01-19,Low,Henry,Platform,3,0,Bug,Sprint-2,2025-01-24,5,0,2025-01
ATL-1358,2025-02-17,High,David,Cloud,5,0,Story,Sprint-4,2025-02-22,5,0,2025-02
ATL-1359,2025-03-21,Medium,Emma,Platform,3,0,Story,Sprint-2,2025-03-25,4,0,2025-03
ATL-1360,2025-01-03,Medium,Henry,Security,5,0,Task,Sprint-4,2025-01-04,1,0,2025-01
ATL-1361,2025-01-20,Medium,Emma,Platform,2,0,Task,Sprint-3,2025-01-24,4,0,2025-01
ATL-1362,2025-01-24,High,Henry,Security,3,1,Bug,Sprint-3,2025-01-29,5,0,2025-01
ATL-1363,2025-02-23,Medium,Grace,DevOps,13,0,Bug,Sprint-7,2025-03-04,9,1,2025-02
ATL-1364,2025-04-30,Medium,Bob,Cloud,3,0,Task,Sprint-7,2025-05-03,3,0,2025-04
ATL-1365,2025-02-02,Medium,Alice,DevOps,5,0,Story,Sprint-3,2025-02-07,5,0,2025-02
ATL-1366,2025-01-24,Low,David,DevOps,3,1,Story,Sprint-6,2025-01-27,3,0,2025-01
ATL-1367,2025-04-26,Low,Grace,Security,8,0,Story,Sprint-3,2025-05-02,6,0,2025-04
ATL-1368,2025-03-16,Low,Bob,DevOps,2,0,Story,Sprint-1,2025-03-20,4,0,2025-03
ATL-1369,2025-04-23,Low,Alice,Security,13,0,Story,Sprint-1,2025-04-29,6,0,2025-04
ATL-1370,2025-03-13,Low,Fatima,Platform,3,0,Story,Sprint-6,2025-03-17,4,0,2025-03
ATL-1371,2025-02-05,Low,Charlie,Platform,2,0,Bug,Sprint-8,2025-02-09,4,0,2025-02
ATL-1372,2025-02-07,Medium,Emma,Security,1,0,Story,Sprint-5,2025-02-10,3,0,2025-02
ATL-1373,2025-04-14,Low,Fatima,Platform,2,0,Story,Sprint-8,2025-04-18,4,0,2025-04
ATL-1374,2025-03-25,Medium,Henry,Cloud,5,0,Task,Sprint-2,2025-03-31,6,0,2025-03
ATL-1375,2025-04-09,High,Alice,DevOps,3,0,Bug,Sprint-8,2025-04-12,3,0,2025-04
ATL-1376,2025-04-22,Medium,Fatima,Cloud,8,0,Task,Sprint-4,2025-04-29,7,0,2025-04
ATL-1377,2025-03-30,Medium,Charlie,DevOps,3,0,Task,Sprint-8,2025-03-31,1,0,2025-03
ATL-1378,2025-04-09,Low,Grace,Platform,2,0,Story,Sprint-4,2025-04-10,1,0,2025-04
ATL-1379,2025-01-25,Low,Alice,Cloud,5,0,Task,Sprint-6,2025-01-29,4,0,2025-01
ATL-1380,2025-04-03,Low,Fatima,Platform,5,0,Task,Sprint-1,2025-04-06,3,0,2025-04
ATL-1381,2025-01-18,Low,Emma,DevOps,2,1,Story,Sprint-7,2025-01-23,5,0,2025-01
ATL-1382,2025-04-20,Medium,Emma,Security,2,0,Bug,Sprint-4,2025-04-27,7,0,2025-04
ATL-1383,2025-03-23,Low,Bob,Security,1,0,Task,Sprint-1,2025-03-24,1,0,2025-03
ATL-1384,2025-03-07,Low,Fatima,Cloud,5,0,Bug,Sprint-5,2025-03-11,4,0,2025-03
ATL-1385,2025-02-23,Low,David,Platform,5,0,Story,Sprint-2,2025-02-28,5,0,2025-02
ATL-1386,2025-02-04,Medium,Fatima,Platform,3,0,Story,Sprint-5,2025-02-07,3,0,2025-02
ATL-1387,2025-03-21,Low,Grace,Cloud,8,0,Bug,Sprint-6,2025-03-29,8,1,2025-03
ATL-1388,2025-03-02,Medium,Alice,Security,8,0,Story,Sprint-8,2025-03-07,5,0,2025-03
ATL-1389,2025-02-10,Medium,Alice,DevOps,5,0,Bug,Sprint-8,2025-02-12,2,0,2025-02
ATL-1390,2025-04-10,Medium,Grace,Cloud,8,0,Story,Sprint-3,2025-04-19,9,1,2025-04
ATL-1391,2025-02-02,Low,Fatima,DevOps,2,0,Story,Sprint-3,2025-02-09,7,0,2025-02
ATL-1392,2025-03-09,High,Grace,Security,2,0,Story,Sprint-3,2025-03-12,3,0,2025-03
ATL-1393,2025-02-02,Medium,Charlie,Platform,3,0,Bug,Sprint-5,2025-02-05,3,0,2025-02
ATL-1394,2025-01-14,Low,Henry,Security,1,0,Story,Sprint-4,2025-01-19,5,0,2025-01
ATL-1395,2025-01-21,High,Grace,Cloud,5,0,Story,Sprint-2,2025-01-30,9,1,2025-01
ATL-1396,2025-02-17,High,Emma,Platform,8,1,Task,Sprint-3,2025-03-02,13,1,2025-02
ATL-1397,2025-01-20,Low,Grace,Cloud,1,0,Story,Sprint-6,2025-01-25,5,0,2025-01
ATL-1398,2025-04-30,Medium,Alice,Cloud,2,0,Bug,Sprint-6,2025-05-06,6,0,2025-04
ATL-1399,2025-01-08,High,Emma,Security,3,0,Story,Sprint-3,2025-01-14,6,0,2025-01
